<?xml version="1.0" encoding="UTF-8"?>
<project-private xmlns="http://www.netbeans.org/ns/project-private/1">
    <editor-bookmarks xmlns="http://www.netbeans.org/ns/editor-bookmarks/2" lastBookmarkId="0"/>
    <open-files xmlns="http://www.netbeans.org/ns/projectui-open-files/2">
        <group>
            <file>file:/C:/Users/Jordan/Documents/University/Yr3/Java%20Project%20Source/Tile%20Based%20Game%20Practice/src/BasicNoLibs/TileMap.java</file>
            <file>file:/C:/Users/Jordan/Documents/University/Yr3/Java%20Project%20Source/Tile%20Based%20Game%20Practice/src/BasicNoLibs/Game.java</file>
            <file>file:/C:/Users/Jordan/Documents/University/Yr3/Java%20Project%20Source/Tile%20Based%20Game%20Practice/src/BasicNoLibs/GamePanel.java</file>
        </group>
    </open-files>
</project-private>
